sale_name,start_date,end_date,source_url
Spring Sale 2023,2023-03-16,2023-03-23,https://store.steampowered.com/news/group/4145017/view/3645136358931000680
Summer Sale 2023,2023-06-29,2023-07-13,https://store.steampowered.com/news/group/4145017/view/3645136358931000680
Autumn Sale 2023,2023-11-21,2023-11-28,https://store.steampowered.com/news/group/4145017/view/3645136358931000680
Winter Sale 2023,2023-12-21,2024-01-04,https://store.steampowered.com/news/group/4145017/view/3645136358931000680
Spring Sale 2024,2024-03-14,2024-03-21,https://store.steampowered.com/news/group/4145017/view/3687933234119814600
Summer Sale 2024,2024-06-27,2024-07-11,https://store.steampowered.com/news/group/4145017/view/3788151013299508611
Autumn Sale 2024,2024-11-27,2024-12-04,https://store.steampowered.com/news/group/4145017/view/3970553774441642998
Winter Sale 2024,2024-12-19,2025-01-02,https://store.steampowered.com/news/group/4145017/view/3970553774441642998
Spring Sale 2025,2025-03-13,2025-03-20,https://web.archive.org/web/20250214021753/https://partner.steamgames.com/doc/marketing/upcoming_events
Summer Sale 2025,2025-06-26,2025-07-10,https://web.archive.org/web/20250214021753/https://partner.steamgames.com/doc/marketing/upcoming_events
Autumn Sale 2025,2025-09-29,2025-10-06,https://web.archive.org/web/20250801033424/https://partner.steamgames.com/doc/marketing/upcoming_events
Winter Sale 2025,2025-12-18,2026-01-05,https://web.archive.org/web/20250801033424/https://partner.steamgames.com/doc/marketing/upcoming_events
Spring Sale 2026,2026-03-19,2026-03-26,https://web.archive.org/web/20260116041231/https://partner.steamgames.com/doc/marketing/upcoming_events
Summer Sale 2026,2026-06-25,2026-07-09,https://web.archive.org/web/20260116041231/https://partner.steamgames.com/doc/marketing/upcoming_events
Autumn Sale 2026,2026-10-01,2026-10-08,https://partner.steamgames.com/doc/marketing/upcoming_events
Winter Sale 2026,2026-12-17,2027-01-04,https://partner.steamgames.com/doc/marketing/upcoming_events
Spring Sale 2027,2027-03-18,2027-03-25,https://partner.steamgames.com/doc/marketing/upcoming_events
Summer Sale 2027,2027-06-24,2027-07-08,https://partner.steamgames.com/doc/marketing/upcoming_events
