review_id,aspects,unsure,labeled_at
148870468,performance|stability_bugs|gameplay_balance|content|ux_controls,False,2026-10-09T22:19:09.280289+00:00
148931170,stability_bugs,False,2026-10-09T22:19:38.181702+00:00
149330874,gameplay_balance|content,False,2026-10-09T22:21:29.529191+00:00
149627514,performance,False,2026-10-09T22:21:52.141848+00:00
150132369,none,False,2026-10-09T22:22:15.932877+00:00
159764626,none,False,2026-10-09T22:22:43.093868+00:00
176633060,ux_controls,False,2026-10-09T22:23:11.388830+00:00
177954792,off_topic,False,2026-10-09T22:23:29.632890+00:00
179970558,gameplay_balance|content,False,2026-10-09T22:24:44.938215+00:00
180272613,none,False,2026-10-09T22:25:11.186156+00:00
180596596,none,False,2026-10-09T22:25:27.114327+00:00
181462613,none,False,2026-10-09T22:25:41.886694+00:00
186193891,off_topic,False,2026-10-09T22:26:05.280099+00:00
186196987,gameplay_balance|story_world,False,2026-10-09T22:26:32.316905+00:00
186337815,gameplay_balance,False,2026-10-09T22:27:16.053498+00:00
186947651,content,False,2026-10-09T22:27:42.319795+00:00
189104213,gameplay_balance|content|story_world,False,2026-10-09T22:28:18.431909+00:00
189198689,content,False,2026-10-09T22:28:42.853094+00:00
191584696,performance|stability_bugs|gameplay_balance|story_world,False,2026-10-09T22:29:51.632210+00:00
192136348,content,False,2026-10-09T22:30:42.987562+00:00
192288591,none,False,2026-10-09T22:38:27.029637+00:00
195544410,none,False,2026-10-09T22:38:45.828050+00:00
196261354,none,False,2026-10-09T22:38:58.552949+00:00
196994451,none,False,2026-10-09T22:39:24.286015+00:00
198203063,none,False,2026-10-09T22:39:36.746265+00:00
199692755,none,False,2026-10-09T22:39:55.006090+00:00
199713064,performance|content,False,2026-10-09T22:40:48.056030+00:00
200603877,performance|content|monetization,False,2026-10-09T22:41:46.032303+00:00
200987006,performance,False,2026-10-09T22:42:17.945646+00:00
202789280,performance,False,2026-10-09T22:42:33.336929+00:00
203215754,content,False,2026-10-09T22:42:53.775318+00:00
203269042,gameplay_balance|content,False,2026-10-09T22:43:24.736743+00:00
203335009,ux_controls,False,2026-10-09T22:43:51.446459+00:00
203378939,stability_bugs|content,False,2026-10-09T22:44:20.509364+00:00
203728100,gameplay_balance,False,2026-10-09T22:44:44.130627+00:00
203881583,off_topic,False,2026-10-09T22:45:00.478995+00:00
204543545,gameplay_balance|story_world,False,2026-10-09T22:46:40.532794+00:00
205174884,off_topic,False,2026-10-09T22:47:01.235214+00:00
205253182,none,False,2026-10-09T22:47:18.510069+00:00
205395743,gameplay_balance,False,2026-10-09T22:47:46.781212+00:00
205497321,gameplay_balance|content|monetization|story_world,False,2026-10-09T22:49:43.752797+00:00
205747911,none,False,2026-10-09T22:50:04.730707+00:00
205752814,content,False,2026-10-09T22:51:06.779552+00:00
206547601,none,False,2026-10-09T22:51:21.868651+00:00
207724244,none,False,2026-10-09T22:51:35.255966+00:00
207754046,story_world,False,2026-10-09T22:52:17.371718+00:00
208378674,ux_controls,False,2026-10-09T22:52:34.946847+00:00
209702194,none,False,2026-10-09T22:52:47.967436+00:00
210291112,none,False,2026-10-09T22:52:55.848917+00:00
210393899,story_world,False,2026-10-09T22:53:32.297203+00:00
211227809,content,False,2026-10-09T22:53:53.113111+00:00
212235258,story_world,False,2026-10-09T22:54:39.117132+00:00
212535094,none,False,2026-10-09T22:54:56.052786+00:00
212647948,none,False,2026-10-09T22:55:08.410973+00:00
213283750,none,False,2026-10-09T22:55:20.444759+00:00
214697087,gameplay_balance|story_world,False,2026-10-09T22:55:58.909394+00:00
214766354,stability_bugs|gameplay_balance|story_world,False,2026-10-09T23:01:39.892701+00:00
215061740,none,False,2026-10-09T23:02:09.577999+00:00
215069016,stability_bugs,False,2026-10-09T23:02:43.993991+00:00
215328286,none,False,2026-10-09T23:02:52.600008+00:00
215457538,none,False,2026-10-09T23:03:06.642657+00:00
215956289,none,False,2026-10-09T23:03:10.531170+00:00
216002856,gameplay_balance|ux_controls,False,2026-10-09T23:03:41.331238+00:00
216082107,none,True,2026-10-09T23:04:32.012756+00:00
216130157,off_topic,True,2026-10-09T23:05:53.888920+00:00
217010304,performance|content,False,2026-10-09T23:06:16.405377+00:00
217171278,none,False,2026-10-09T23:06:45.298988+00:00
217171350,stability_bugs|gameplay_balance|content|story_world|ux_controls,False,2026-10-09T23:08:21.124386+00:00
217189824,none,False,2026-10-09T23:08:32.288581+00:00
219264136,stability_bugs|gameplay_balance,False,2026-10-09T23:09:12.359493+00:00
220065472,none,False,2026-10-09T23:09:16.063067+00:00
220576033,online_servers,False,2026-10-09T23:09:31.270764+00:00
220815703,none,False,2026-10-09T23:09:36.658952+00:00
220946319,off_topic,False,2026-10-09T23:09:50.236474+00:00
222206105,none,False,2026-10-09T23:09:56.891142+00:00
222767185,none,False,2026-10-09T23:10:00.137843+00:00
223116688,none,False,2026-10-09T23:10:03.302319+00:00
224334070,monetization,True,2026-10-09T23:12:02.044396+00:00
225601144,gameplay_balance|story_world,False,2026-10-09T23:12:29.776086+00:00
226403749,none,False,2026-10-09T23:13:25.137674+00:00
227132754,gameplay_balance|content|online_servers,False,2026-10-09T23:13:56.111559+00:00
227161834,gameplay_balance,False,2026-10-09T23:14:25.158133+00:00
227624097,story_world,False,2026-10-09T23:14:38.559794+00:00
228560878,gameplay_balance,False,2026-10-09T23:14:55.631015+00:00
229506489,none,False,2026-10-09T23:15:01.384351+00:00
229627474,content,False,2026-10-09T23:15:19.517936+00:00
230594305,gameplay_balance,True,2026-10-09T23:16:01.442609+00:00
230659863,story_world,False,2026-10-09T23:17:15.937588+00:00
231646621,gameplay_balance|content|story_world|ux_controls,False,2026-10-09T23:18:16.455748+00:00
231709339,performance,False,2026-10-09T23:18:30.874745+00:00
231924158,none,False,2026-10-09T23:18:35.682312+00:00
232034818,performance,False,2026-10-09T23:18:50.594861+00:00
232051256,story_world,False,2026-10-09T23:19:11.946405+00:00
232054793,content,False,2026-10-09T23:19:34.737328+00:00
232371325,none,False,2026-10-09T23:19:45.668546+00:00
232609956,none,False,2026-10-09T23:19:53.966857+00:00
232674947,gameplay_balance|story_world,False,2026-10-09T23:20:08.426719+00:00
232799751,none,False,2026-10-09T23:20:12.026050+00:00
232907469,none,False,2026-10-09T23:20:15.182625+00:00
232921884,gameplay_balance|content|story_world|ux_controls,False,2026-10-09T23:20:47.791090+00:00
233200490,performance,False,2026-10-09T23:21:16.286899+00:00
233325738,gameplay_balance|story_world,False,2026-10-09T23:21:48.850428+00:00
233450270,stability_bugs|gameplay_balance|story_world,False,2026-10-09T23:22:14.036692+00:00
233642557,gameplay_balance,False,2026-10-09T23:22:26.075489+00:00
233704084,performance|gameplay_balance,False,2026-10-09T23:22:45.190097+00:00
233764123,gameplay_balance,True,2026-10-09T23:24:05.677169+00:00
233963554,none,False,2026-10-09T23:24:10.051143+00:00
234078428,gameplay_balance|story_world,False,2026-10-09T23:24:48.243311+00:00
234139931,gameplay_balance|story_world,False,2026-10-09T23:25:00.086338+00:00
234249150,gameplay_balance|monetization|story_world,False,2026-10-09T23:25:21.902416+00:00
234314401,none,False,2026-10-09T23:25:25.850596+00:00
234334664,none,False,2026-10-09T23:25:43.008109+00:00
234414165,performance|gameplay_balance|ux_controls,False,2026-10-09T23:26:18.812617+00:00
234477804,gameplay_balance|content|monetization|story_world,False,2026-10-09T23:27:27.407710+00:00
234482442,performance,False,2026-10-09T23:27:38.597032+00:00
234496835,performance|gameplay_balance|story_world,False,2026-10-09T23:28:05.402264+00:00
234679516,gameplay_balance|content|story_world|ux_controls,False,2026-10-09T23:28:48.837974+00:00
234715761,none,False,2026-10-09T23:28:59.014783+00:00
234920672,none,False,2026-10-09T23:29:02.456644+00:00
235104276,none,False,2026-10-09T23:29:16.681796+00:00
235200013,gameplay_balance|story_world,False,2026-10-09T23:29:34.275979+00:00
235267237,ux_controls,False,2026-10-09T23:29:50.757020+00:00
235279831,content,False,2026-10-09T23:30:03.560243+00:00
235285017,none,False,2026-10-09T23:30:07.776363+00:00
235469968,off_topic,False,2026-10-09T23:30:20.579758+00:00
235558843,gameplay_balance|online_servers,False,2026-10-09T23:30:42.440481+00:00
235571955,gameplay_balance|story_world,False,2026-10-09T23:30:59.062259+00:00
235602871,off_topic,False,2026-10-09T23:31:10.155457+00:00
235630571,performance|stability_bugs,False,2026-10-09T23:31:27.729451+00:00
235835848,content,False,2026-10-09T23:31:50.728787+00:00
235844124,none,False,2026-10-09T23:31:58.892938+00:00
235848556,gameplay_balance|story_world,False,2026-10-09T23:32:23.309587+00:00
235890614,none,False,2026-10-09T23:32:27.086678+00:00
236086365,stability_bugs|gameplay_balance|monetization,False,2026-10-09T23:33:14.743498+00:00
236115937,none,False,2026-10-09T23:33:18.557381+00:00
236183927,stability_bugs|gameplay_balance|online_servers,False,2026-10-09T23:34:00.280550+00:00
236261773,none,False,2026-10-09T23:34:56.323262+00:00
236358098,content,False,2026-10-09T23:35:39.964620+00:00
236412599,none,False,2026-10-09T23:35:44.268799+00:00
236489342,off_topic,False,2026-10-09T23:36:03.717056+00:00
236520469,none,False,2026-10-09T23:36:07.254220+00:00
236589163,stability_bugs,False,2026-10-09T23:36:30.235230+00:00
236620982,none,False,2026-10-09T23:36:34.069485+00:00
236681348,gameplay_balance|content|story_world|ux_controls,False,2026-10-09T23:37:05.625354+00:00
236797801,none,False,2026-10-09T23:37:23.862427+00:00
236910783,none,False,2026-10-09T23:37:26.682956+00:00
236975338,gameplay_balance|content|story_world,False,2026-10-09T23:37:50.046258+00:00
236976661,none,False,2026-10-09T23:37:53.955849+00:00
237148370,none,False,2026-10-09T23:37:57.516711+00:00
237172657,none,False,2026-10-09T23:38:01.390824+00:00
