review_id,appid,language,voted_up,length_bucket,near_patch,split
148833542,949230,english,True,medium,False,test
148843050,949230,english,False,medium,False,test
148844002,949230,english,True,medium,False,test
148852112,949230,english,False,medium,False,test
148868594,949230,french,True,medium,False,test
148870150,949230,english,True,short,False,dev
148870468,949230,english,True,medium,False,test
148896623,949230,french,False,long,False,test
148907959,949230,english,False,medium,False,dev
148920830,949230,french,False,medium,False,test
148928879,949230,french,True,long,False,dev
148931170,949230,english,False,short,False,test
148971252,949230,english,False,medium,False,dev
149107228,949230,english,True,short,False,dev
149302882,949230,french,True,medium,False,test
149330874,949230,english,False,short,False,test
149344712,949230,english,False,long,False,test
149627514,949230,english,True,short,False,test
149884831,949230,english,True,medium,False,dev
150132369,949230,english,True,short,False,test
152257353,949230,french,False,short,False,test
153495810,949230,english,False,long,False,dev
156453038,949230,french,True,short,False,test
157590060,949230,french,True,short,False,dev
159169875,949230,french,False,short,False,test
159344885,949230,english,True,short,False,test
159764626,949230,english,False,short,False,test
161611573,949230,english,False,medium,False,dev
171971435,949230,french,True,medium,False,test
174098221,949230,english,True,medium,False,test
175158348,949230,english,True,long,False,test
176374822,949230,english,True,short,False,dev
176633060,1363080,french,True,short,False,test
177954792,548430,english,True,short,True,test
178133832,949230,english,False,medium,False,test
178200198,548430,english,True,short,True,dev
178202472,1363080,english,True,medium,False,test
179031551,548430,english,True,long,False,test
179095082,1363080,english,True,long,False,test
179391680,949230,english,False,short,False,test
179924992,1363080,english,True,short,False,dev
179970558,1145350,english,True,long,False,test
179988417,548430,english,True,short,False,test
180067613,1145350,english,True,short,False,test
180106434,1145350,english,True,medium,False,test
180201507,1145350,english,True,medium,False,test
180272613,1145350,french,True,short,False,test
180301646,1145350,french,True,short,False,test
180596596,1145350,english,True,short,False,test
180888889,548430,french,True,short,False,test
180934694,1363080,english,True,short,False,test
181154261,1145350,french,True,short,False,dev
181284883,1145350,french,True,short,False,test
181462613,548430,english,True,short,False,test
181817661,1363080,english,True,medium,False,test
181891835,1363080,english,True,medium,False,test
182131042,949230,french,True,short,True,test
182328047,548430,english,True,short,False,test
182676645,949230,english,True,short,True,test
183768523,548430,english,True,short,True,test
184230457,1363080,english,True,short,False,test
185216730,1363080,english,True,medium,False,dev
185766958,548430,english,True,short,False,test
186135928,1363080,english,True,medium,True,dev
186193891,1363080,english,True,short,True,test
186196987,1363080,english,True,short,True,test
186337815,1363080,english,True,medium,False,test
186706359,275850,french,True,short,False,test
186870728,275850,english,True,medium,False,dev
186947651,1363080,english,True,short,False,test
187701727,275850,english,True,short,False,test
187986096,275850,english,True,medium,False,test
188155041,548430,english,True,medium,False,test
188164296,548430,english,True,medium,False,dev
188207221,548430,english,True,medium,False,dev
188410846,1363080,english,True,medium,False,test
188505883,949230,english,True,short,False,test
188535483,1145350,english,True,medium,True,dev
188712751,949230,french,True,short,False,dev
188835874,1145350,french,True,medium,True,test
189104213,1145350,english,True,medium,True,test
189198689,1363080,french,True,medium,False,test
189761233,275850,french,True,short,False,test
191584696,949230,english,True,medium,True,test
191967583,292030,english,True,short,False,test
192136348,1145350,french,True,medium,False,test
192219796,548430,english,True,short,False,test
192288591,292030,french,True,medium,False,test
192402138,548430,english,True,short,False,test
192439549,292030,english,True,short,False,test
193479243,292030,french,True,short,False,test
193688372,292030,english,True,short,False,dev
193779652,292030,english,True,medium,False,test
193921867,548430,english,True,short,False,test
193940035,275850,french,True,short,False,dev
194268281,292030,english,True,medium,False,test
194573733,1363080,english,True,short,False,test
194586979,949230,english,True,short,False,test
195230442,292030,english,True,short,False,test
195245878,292030,english,True,short,False,dev
195544410,275850,english,True,medium,False,test
195925672,292030,english,True,short,False,dev
196261354,292030,french,True,short,False,test
196994451,548430,english,True,short,False,test
197330455,292030,english,False,medium,False,test
197980056,548430,english,True,medium,False,test
198203063,292030,english,True,short,False,test
198949438,2246340,english,True,short,False,dev
198978922,2246340,english,True,short,False,dev
199060096,548430,english,True,medium,True,test
199409906,2246340,english,False,medium,False,test
199692755,292030,french,True,short,False,test
199713064,2246340,french,True,medium,False,test
199772989,1363080,french,True,medium,False,dev
199804306,548430,english,True,short,True,dev
199845076,292030,english,True,short,False,test
199986158,2246340,english,False,short,False,test
199988133,2246340,french,False,medium,False,test
200461309,2246340,french,True,short,False,test
200603877,2246340,english,False,medium,False,test
200695496,275850,english,False,medium,False,test
200987006,292030,english,True,medium,False,test
201614989,275850,french,True,short,False,dev
201780696,275850,english,True,short,False,test
202233934,292030,french,True,short,False,dev
202287644,2246340,english,True,long,False,test
202398472,1363080,french,True,short,False,dev
202559749,2246340,english,True,medium,False,test
202789280,2246340,english,True,short,False,test
202981121,275850,english,True,medium,False,dev
203065874,275850,french,True,short,False,test
203085670,275850,english,True,medium,False,dev
203215754,275850,english,True,short,False,test
203269042,275850,english,True,medium,False,test
203335009,275850,english,True,short,False,test
203378939,949230,french,False,medium,False,test
203503784,275850,english,True,short,False,test
203510955,275850,english,True,short,False,dev
203728100,1363080,english,False,medium,False,test
203881583,548430,english,True,short,False,test
204025574,548430,french,True,short,False,dev
204375144,2246340,english,False,short,False,dev
204543545,2246340,french,True,short,False,test
204627086,275850,french,False,medium,False,test
204799128,275850,english,True,short,False,test
205174884,1145350,english,True,short,True,test
205206560,1145350,english,True,medium,True,test
205236674,1145350,english,True,short,True,dev
205253182,1145350,french,True,short,True,test
205259386,2246340,english,True,short,False,dev
205395743,2246340,french,True,medium,False,test
205434171,1145350,english,True,short,True,dev
205462054,1145350,english,True,short,True,test
205465429,1145350,french,True,medium,True,test
205497321,548430,french,True,long,False,test
205583186,2246340,english,False,long,True,test
205702062,1145350,english,True,short,True,test
205734567,2246340,french,False,short,True,test
205747911,275850,french,True,short,False,test
205748816,1363080,english,True,short,False,dev
205752814,1363080,english,True,medium,False,test
205810785,1145350,english,True,long,True,test
205847053,292030,english,True,short,False,test
205872859,1145350,english,True,short,True,test
205914140,2246340,english,False,medium,True,dev
205993907,1145350,english,True,short,True,test
206095023,1145350,french,True,short,True,dev
206157502,1145350,english,True,short,True,dev
206315351,1363080,english,True,medium,False,test
206513118,1145350,french,True,short,False,test
206547601,1363080,french,True,short,False,test
206881858,1145350,english,True,short,False,dev
206942792,2246340,english,False,short,False,test
207086236,1363080,english,True,medium,False,test
207216818,548430,english,True,short,False,test
207268663,1145350,english,True,short,False,dev
207398530,1145350,french,True,short,True,test
207724007,1145350,english,True,medium,True,test
207724244,275850,english,True,short,False,test
207754046,292030,french,True,medium,False,test
207858953,1145350,french,True,short,True,test
207988239,1363080,english,True,short,False,dev
208040167,275850,french,True,medium,False,test
208051163,1363080,english,True,short,False,test
208378674,2246340,english,True,medium,True,test
208460152,548430,english,True,short,True,test
208470218,548430,english,True,short,True,test
208759497,548430,english,True,medium,False,test
209173126,548430,english,True,short,False,dev
209309789,2246340,french,False,long,False,test
209381419,548430,english,True,short,False,dev
209420632,275850,french,True,short,False,test
209650521,1145350,english,True,short,False,dev
209663040,949230,english,False,medium,True,test
209702194,1086940,english,True,short,False,test
209742253,1086940,english,True,short,False,test
209895450,2246340,english,True,short,True,test
210159787,1145350,french,True,medium,False,test
210187438,1145350,french,True,short,False,test
210192863,275850,english,True,short,False,test
210242149,275850,french,True,medium,False,test
210291112,2246340,english,True,short,True,test
210393899,1086940,english,True,medium,False,test
210789882,275850,french,True,medium,False,test
210871276,1145350,french,True,short,False,dev
210878765,1086940,french,True,short,False,test
210908259,2246340,english,True,short,True,test
210940533,2246340,french,True,short,True,test
211142183,1086940,french,True,short,False,test
211227809,275850,english,True,short,False,test
211723131,292030,english,True,short,False,dev
211744157,1145350,english,True,short,False,test
211836912,2246340,english,True,long,True,test
212235258,1145350,english,True,short,False,test
212535094,1086940,english,True,short,False,test
212543434,275850,english,True,long,False,test
212647948,1086940,english,True,short,False,test
212686018,1363080,english,False,medium,False,test
212691959,1086940,english,True,short,False,test
212725827,1363080,english,False,long,False,dev
213053717,1145350,english,True,medium,False,test
213092004,275850,english,True,short,False,dev
213099291,275850,english,True,short,False,test
213151753,292030,french,True,short,False,test
213193240,292030,french,True,short,False,dev
213283750,548430,english,True,short,False,test
213465827,2246340,french,True,short,True,test
213474983,1145350,english,True,short,False,dev
213609875,1086940,english,True,short,False,test
213700951,2246340,english,False,short,True,test
213820210,949230,french,False,medium,False,test
213870886,1145350,english,True,short,False,test
213929541,275850,english,True,medium,False,test
214064618,275850,english,True,short,False,test
214175449,275850,french,True,short,False,dev
214311467,1086940,english,True,medium,False,dev
214642254,1145350,french,True,short,False,dev
214683763,1091500,english,True,short,False,dev
214697087,2246340,english,True,medium,True,test
214766354,1091500,english,True,medium,False,test
214887758,1091500,english,True,medium,False,test
215061740,548430,french,True,medium,False,test
215069016,2246340,english,True,medium,False,test
215275213,1091500,english,True,short,False,test
215275637,1091500,english,True,short,False,dev
215326402,292030,english,True,short,False,dev
215328286,1091500,english,True,short,False,test
215457538,1363080,english,True,short,False,test
215514380,949230,french,True,short,False,dev
215641917,1086940,english,True,short,False,test
215764710,1086940,english,True,short,False,dev
215910490,1086940,english,True,short,False,dev
215956289,1363080,french,True,short,False,test
215963499,1363080,english,True,short,False,dev
216002856,1363080,english,False,medium,False,test
216012737,1086940,english,True,short,False,test
216024119,1145350,french,True,medium,False,test
216034073,1363080,french,True,short,False,test
216082107,1086940,english,True,short,False,test
216130157,548430,english,True,short,False,test
216166756,1091500,english,True,medium,False,dev
216168293,275850,english,True,short,False,test
216246489,1091500,french,True,short,False,test
216329341,275850,french,True,long,False,test
216331497,1086940,english,True,medium,False,test
216511128,1145350,english,True,short,False,test
216615865,292030,french,True,medium,False,test
216634961,275850,english,True,short,False,dev
217010304,2246340,french,True,medium,True,test
217128997,292030,french,True,short,False,test
217171278,1086940,french,True,medium,False,test
217171350,1091500,french,True,long,False,test
217189824,275850,english,True,short,False,test
217476411,548430,french,True,medium,True,test
217584039,292030,french,True,short,False,test
217633118,548430,french,True,short,True,test
217658992,1091500,french,True,short,False,dev
217801440,1086940,french,True,short,False,test
217904206,1145350,english,True,short,False,test
218159138,548430,french,True,short,True,test
218342844,1091500,french,True,short,False,dev
218520234,1086940,english,True,long,False,test
218726461,292030,english,True,short,False,test
218864295,275850,english,True,short,False,test
219264136,2246340,english,False,medium,True,test
219540788,2246340,french,True,short,True,test
219557613,1363080,french,False,short,False,test
220065472,1363080,french,True,short,False,test
220193073,548430,french,True,short,True,test
220271886,2246340,english,True,short,True,dev
220350547,1086940,english,True,short,False,test
220533538,1145350,english,True,short,False,dev
220576033,2246340,english,True,medium,True,test
220655801,548430,french,True,short,True,dev
220812232,1363080,french,False,medium,False,test
220815703,949230,french,True,short,False,test
220946319,548430,english,True,short,False,test
221427490,1086940,french,True,short,False,test
221432074,1091500,english,True,short,False,test
221624962,2246340,french,False,short,False,dev
221647157,292030,english,True,medium,False,test
221689773,1091500,english,True,short,False,test
221808594,949230,english,True,medium,False,test
222146424,1145350,english,True,short,False,test
222206105,1145350,english,True,short,False,test
222277200,1086940,french,True,short,False,test
222336766,1086940,english,True,medium,False,dev
222424258,548430,french,True,short,False,dev
222474710,1086940,english,True,medium,False,test
222538160,1086940,english,True,short,False,test
222615142,1363080,english,True,short,False,dev
222689938,548430,french,True,short,False,test
222767185,1091500,french,True,short,False,test
222984843,1091500,english,True,short,False,dev
223041501,275850,english,False,short,False,test
223101939,1091500,english,True,short,False,test
223116688,275850,french,True,short,False,test
223166560,1363080,french,True,medium,False,test
223229390,1086940,french,True,short,False,test
223469761,275850,french,True,short,False,test
223586615,1086940,english,True,short,False,dev
223637731,1091500,english,True,short,False,test
223736963,949230,english,True,medium,False,test
224196657,2246340,english,True,medium,False,dev
224317225,1091500,english,True,medium,False,test
224334070,1091500,english,True,medium,False,test
224485167,292030,english,True,short,False,dev
224624997,1091500,english,True,long,False,test
224722101,1086940,english,True,short,False,test
224770557,1145350,english,True,medium,False,test
224870579,292030,french,True,long,False,dev
224987568,275850,english,True,medium,False,dev
225117008,1086940,french,True,medium,False,test
225601144,1145350,english,True,medium,False,test
225850739,548430,french,True,medium,False,dev
225858687,1091500,english,True,short,False,test
226403749,548430,french,True,short,False,test
226613460,1091500,english,True,short,False,test
226784216,292030,english,True,long,False,test
226792741,548430,english,True,short,False,dev
226990405,1091500,english,True,medium,False,test
227067081,1363080,english,True,short,False,test
227132754,1086940,french,True,medium,False,test
227161834,292030,english,True,medium,False,test
227308338,275850,french,True,medium,False,test
227365067,1091500,english,True,medium,False,test
227488863,548430,french,True,short,False,test
227623936,1363080,english,False,short,False,dev
227624097,1086940,french,True,short,False,test
227720048,548430,french,True,short,False,test
227724042,1091500,english,False,medium,False,dev
227724963,1086940,english,True,short,False,dev
227744615,1145350,english,True,medium,False,test
227815414,1363080,french,True,short,False,dev
228560878,292030,english,True,short,False,test
228678523,949230,english,False,short,True,test
228718868,292030,english,True,short,False,dev
228739044,949230,english,True,short,True,test
228850940,2246340,english,True,medium,False,test
229117217,1086940,english,False,medium,False,test
229122146,2246340,english,False,medium,False,test
229198861,2246340,english,True,short,False,test
229391185,1363080,french,True,medium,False,test
229470216,1091500,french,True,short,False,test
229506489,1091500,english,True,short,False,test
229627474,1091500,french,True,medium,False,test
230131337,1363080,french,True,medium,True,test
230210494,1086940,english,True,short,False,test
230387609,1086940,french,True,short,False,dev
230389042,1091500,english,True,short,False,test
230415372,2246340,english,False,long,False,dev
230594305,1086940,english,False,short,False,test
230652876,1903340,french,True,short,False,test
230657199,1091500,english,True,short,False,test
230659863,1903340,french,True,long,False,test
230754075,1903340,english,True,short,False,dev
230755509,1363080,english,True,medium,True,test
230877678,1903340,french,True,short,False,test
230882106,1091500,english,True,short,False,dev
230915819,1091500,french,True,short,False,test
231041442,2246340,english,True,short,False,test
231300766,1903340,english,True,short,False,dev
231347473,1086940,english,True,short,False,test
231353172,2246340,french,True,short,False,dev
231383662,1903340,english,True,medium,False,dev
231638764,1903340,english,False,short,False,test
231646621,292030,english,True,medium,False,test
231649464,1903340,english,True,long,False,test
231664589,1903340,english,True,short,False,test
231709339,1091500,english,True,short,False,test
231791414,1903340,english,True,short,False,dev
231924158,292030,french,True,short,False,test
231946813,275850,english,True,medium,False,test
232034818,2246340,french,True,short,True,test
232051256,2246340,english,True,short,True,test
232054415,1091500,english,True,short,False,dev
232054793,1091500,french,True,medium,False,test
232066198,1091500,english,False,short,False,dev
232138072,2246340,french,False,medium,True,test
232233054,1903340,french,True,short,False,test
232317474,2246340,english,True,short,True,dev
232371325,1091500,french,True,short,False,test
232465292,1903340,english,True,medium,False,test
232609956,1363080,english,True,short,False,test
232636651,1903340,english,True,short,False,test
232674947,1903340,english,True,medium,False,test
232783101,1903340,french,True,short,False,dev
232799751,1903340,english,True,short,False,test
232814648,1363080,french,True,short,False,test
232845132,1091500,french,True,short,False,dev
232904354,1903340,english,True,short,False,dev
232907469,1903340,english,True,short,False,test
232921884,1086940,french,True,long,False,test
233005036,1903340,french,True,medium,False,test
233007457,1091500,french,True,short,False,test
233118387,1903340,english,True,short,False,dev
233174928,1091500,english,True,short,False,test
233200490,292030,english,False,short,False,test
233275740,1903340,english,True,short,False,dev
233325738,1903340,english,True,medium,False,test
233446567,1091500,french,True,medium,False,test
233450270,1091500,english,True,short,False,test
233478315,1086940,english,True,short,False,test
233494058,1086940,english,True,short,False,test
233561575,1903340,french,False,medium,False,dev
233642557,1363080,english,True,short,False,test
233704084,1091500,english,True,medium,False,test
233764123,292030,french,True,short,True,test
233806917,1086940,french,True,short,False,dev
233826538,1903340,english,True,medium,False,test
233863926,1086940,english,True,short,False,test
233879362,1086940,english,True,short,False,test
233949552,1091500,english,True,short,False,dev
233957594,1363080,french,True,short,True,dev
233959897,1903340,english,False,long,False,test
233963554,1091500,french,True,short,False,test
234007020,1903340,english,True,short,False,test
234042445,1363080,english,False,medium,True,test
234066333,2246340,french,True,long,False,dev
234069118,1903340,french,True,short,False,test
234078428,1903340,english,False,medium,False,test
234139931,1903340,english,True,short,False,test
234241850,292030,french,True,medium,True,dev
234249150,1903340,english,True,medium,False,test
234314401,548430,english,True,short,False,test
234334664,3751260,english,True,short,False,test
234346843,3751260,english,True,medium,False,dev
234349984,3751260,english,True,medium,False,test
234358910,3751260,french,False,medium,False,test
234363799,3751260,french,True,medium,False,test
234370971,3751260,english,False,short,False,dev
234373627,1091500,english,True,short,False,test
234375667,3751260,english,True,medium,False,test
234376450,3751260,english,True,short,False,test
234392429,3751260,french,True,medium,False,dev
234407217,3751260,french,True,medium,False,test
234414165,3751260,french,True,medium,False,test
234416992,3751260,french,True,short,False,test
234430919,3751260,english,True,long,False,test
234433053,3751260,english,False,medium,False,test
234470922,3751260,french,True,short,False,test
234477804,3751260,english,True,medium,False,test
234479839,3751260,english,True,medium,False,test
234482442,3751260,english,True,short,False,test
234491480,3751260,english,True,medium,False,dev
234496835,3751260,english,True,long,False,test
234503595,3751260,english,True,medium,False,test
234522660,3751260,english,True,medium,False,dev
234543517,3751260,english,True,short,False,test
234555537,3751260,english,True,short,False,dev
234555836,3751260,english,False,long,False,dev
234578676,292030,english,True,short,True,test
234596080,1086940,french,True,short,False,dev
234649406,3751260,english,True,short,False,test
234650454,3751260,english,True,medium,False,test
234652616,3751260,french,True,short,False,dev
234679516,3751260,english,True,long,False,test
234695191,3751260,english,True,medium,False,dev
234715761,1903340,french,True,short,False,test
234759168,3751260,english,True,long,False,test
234779211,3751260,french,False,long,False,test
234786336,1091500,french,True,medium,False,test
234853415,548430,english,True,short,False,test
234877700,275850,english,True,short,True,test
234912574,3751260,english,False,medium,False,test
234920672,292030,english,True,short,False,test
234950409,3751260,english,True,short,False,test
234966165,1086940,french,True,medium,False,test
234993597,292030,english,True,short,False,test
235081186,1086940,english,True,medium,False,dev
235104276,3751260,french,True,short,False,test
235118892,3751260,english,True,short,False,test
235172076,1091500,english,True,short,False,test
235177692,3751260,french,True,medium,False,test
235200013,1903340,french,True,medium,False,test
235267237,1903340,english,True,short,False,test
235279831,3751260,english,True,short,False,test
235285017,548430,french,True,short,False,test
235310420,1086940,english,True,medium,False,dev
235315990,553850,english,True,short,False,test
235333850,553850,english,True,medium,False,dev
235341674,3751260,french,True,medium,False,test
235349173,553850,french,True,short,False,dev
235358024,553850,english,True,short,False,dev
235391277,3751260,english,True,long,False,test
235424755,553850,french,True,short,False,dev
235447155,553850,english,True,short,False,dev
235461185,1091500,french,True,short,False,dev
235469968,553850,english,True,short,False,test
235503500,553850,english,True,medium,False,dev
235527708,553850,french,True,short,False,test
235558843,553850,french,True,medium,False,test
235571955,1903340,french,True,short,False,test
235602871,553850,english,True,short,False,test
235630571,553850,english,False,medium,False,test
235647842,275850,french,True,short,True,dev
235652706,553850,english,True,short,False,dev
235686551,1903340,french,True,short,False,test
235782686,1903340,english,True,medium,False,test
235800645,553850,english,False,medium,True,test
235802529,553850,french,True,short,True,test
235812651,553850,english,False,short,True,test
235816394,1903340,english,True,short,False,test
235825623,553850,english,True,medium,True,test
235835848,553850,english,True,medium,True,test
235844124,553850,english,True,short,True,test
235848556,1903340,french,True,medium,False,test
235865194,553850,french,False,medium,True,test
235884850,275850,english,True,medium,True,dev
235890614,1903340,french,True,short,False,test
235894978,3751260,french,True,short,False,test
235965593,553850,english,False,long,True,test
235968146,553850,english,True,short,True,test
236005270,548430,english,True,short,False,test
236032789,553850,english,True,short,True,test
236040952,553850,english,True,short,True,test
236042680,292030,english,True,short,False,test
236076512,553850,french,True,short,True,dev
236086365,553850,english,False,medium,True,test
236092320,1903340,english,True,short,False,test
236093262,553850,english,True,short,True,dev
236115937,553850,english,True,short,True,test
236127077,3751260,english,True,short,False,test
236183927,553850,french,False,long,True,test
236186145,3751260,english,True,medium,False,test
236216957,3751260,french,True,short,False,dev
236219545,553850,english,True,short,True,test
236226989,553850,french,True,short,True,test
236245035,553850,french,True,short,True,dev
236261773,553850,english,True,short,True,test
236281386,553850,french,True,short,True,test
236304265,3751260,english,True,short,False,test
236343984,1091500,french,True,short,False,test
236358098,275850,english,True,long,False,test
236412599,292030,english,True,short,True,test
236485843,292030,english,True,medium,True,test
236486624,3751260,english,True,medium,False,dev
236489342,553850,english,True,short,True,test
236505683,275850,english,False,long,False,test
236515373,292030,english,True,short,True,test
236520469,1363080,french,True,short,False,test
236535034,1903340,english,True,long,False,test
236540492,1903340,english,True,medium,False,dev
236545124,292030,english,False,medium,True,test
236568106,1903340,french,True,short,False,dev
236589163,553850,english,True,medium,True,test
236605302,553850,english,True,short,True,test
236620982,3751260,english,True,short,False,test
236646779,548430,english,True,short,False,dev
236648043,292030,english,True,short,True,dev
236652532,553850,french,True,short,True,test
236676673,292030,french,True,short,True,test
236681348,3751260,french,True,long,False,test
236700304,2246340,english,True,short,False,test
236724257,553850,english,True,short,True,test
236740111,553850,french,True,short,True,test
236770466,553850,french,True,short,True,test
236779571,1903340,english,True,short,False,test
236788159,1086940,french,True,short,False,dev
236797801,553850,english,True,short,True,test
236807106,553850,english,True,short,True,test
236809261,292030,french,False,medium,True,test
236822261,1903340,english,True,medium,False,test
236847438,553850,english,True,medium,True,test
236885017,1903340,english,True,medium,False,dev
236905985,2246340,french,True,short,False,dev
236910783,1086940,french,True,short,False,test
236945584,1903340,english,True,short,False,test
236963163,553850,french,True,medium,True,test
236975338,1086940,english,True,medium,False,test
236976661,1903340,english,True,short,False,test
236983454,1086940,english,True,short,False,dev
237003964,553850,english,True,short,True,dev
237053723,3751260,french,True,long,False,dev
237077951,553850,french,True,medium,True,test
237093382,553850,english,True,short,True,dev
237140222,1903340,french,True,medium,False,dev
237148370,1091500,english,True,short,False,test
237153655,1903340,french,True,short,False,test
237172657,553850,english,True,short,True,test
